{
	"bunny.msh.msh": {
		"min": 0.04112201453309667631,
		"avg": 0.1476174959267286813
	},
	"bunny.msh160.900000_161.000000_0.100000.msh": {
		"min": 0.001648405763251121082,
		"avg": 0.09997857697258441534
	},
	"bunny.msh160.900000_161.000000_0.102500.msh": {
		"min": 0.001648405763251121082,
		"avg": 0.1023335718528115418
	},
	"bunny.msh160.900000_161.000000_0.105000.msh": {
		"min": 0.001648405763251121082,
		"avg": 0.1047127868546492424
	},
	"bunny.msh160.900000_161.000000_0.107500.msh": {
		"min": 0.001648405763251121082,
		"avg": 0.1071057170600942382
	},
	"bunny.msh160.900000_161.000000_0.110000.msh": {
		"min": 0.001648405763251121082,
		"avg": 0.109421252379129863
	},
	"bunny.msh160.900000_161.000000_0.112500.msh": {
		"min": 0.001648405763251121082,
		"avg": 0.1118052460817360594
	},
	"bunny.msh160.900000_161.000000_0.115000.msh": {
		"min": 0.001648405763251121082,
		"avg": 0.114080822180786759
	},
	"bunny.msh160.900000_161.000000_0.117500.msh": {
		"min": 0.008835132962008501387,
		"avg": 0.1165041562189066821
	},
	"bunny.msh160.900000_161.000000_0.120000.msh": {
		"min": 0.009679857097746409969,
		"avg": 0.1188632994909174373
	},
	"bunny.msh160.900000_161.000000_0.122500.msh": {
		"min": 0.009619400115402325022,
		"avg": 0.1210904119428267839
	},
	"bunny.msh160.900000_161.000000_0.125000.msh": {
		"min": 0.005567684287094275264,
		"avg": 0.1234508354687036402
	},
	"bunny.msh160.900000_161.000000_0.127500.msh": {
		"min": 0.01301318692100555084,
		"avg": 0.1258342513427612164
	},
	"bunny.msh160.900000_161.000000_0.130000.msh": {
		"min": 0.01004083553285285875,
		"avg": 0.128145031004242127
	},
	"bunny.msh160.900000_161.000000_0.132500.msh": {
		"min": 0.01133051304156815035,
		"avg": 0.1304689049195185135
	},
	"bunny.msh160.900000_161.000000_0.135000.msh": {
		"min": 0.0119819004855627291,
		"avg": 0.1328326844425717634
	},
	"bunny.msh160.900000_161.000000_0.137500.msh": {
		"min": 0.007740275421773464698,
		"avg": 0.1352517878083316083
	},
	"bunny.msh160.900000_161.000000_0.140000.msh": {
		"min": 0.01334290314936262267,
		"avg": 0.1375302483864995207
	},
	"bunny.msh160.900000_161.000000_0.142500.msh": {
		"min": 0.01665091842817198117,
		"avg": 0.1398079007263695328
	},
	"bunny.msh160.900000_161.000000_0.145000.msh": {
		"min": 0.02078499161903837184,
		"avg": 0.1421357941021381965
	},
	"bunny.msh160.900000_161.000000_0.147500.msh": {
		"min": 0.02772637390754213726,
		"avg": 0.1444391534762179963
	},
	"bunny.msh160.900000_161.000000_0.150000.msh": {
		"min": 0.04012097097876808627,
		"avg": 0.1445995903565506779
	},
	"bunny.msh160.900000_161.000000.msh": {
		"min": 0.001648405763251121082,
		"avg": 0.09964792763849669721
	},
	"bunny.msh161.900000_162.000000.msh": {
		"min": 0.001183412046628383235,
		"avg": 0.09914045119073118528
	},
	"bunny.msh162.900000_163.000000.msh": {
		"min": 0.004640000272059840829,
		"avg": 0.09817588216021660985
	},
	"bunny.msh163.900000_164.000000.msh": {
		"min": 0.00363096766630602091,
		"avg": 0.09750140713994318031
	},
	"bunny.msh164.900000_165.000000.msh": {
		"min": 0.004184410770325451383,
		"avg": 0.09641862100485283638
	},
	"bunny.msh165.900000_166.000000.msh": {
		"min": 0.003101031897692885925,
		"avg": 0.09564504164206924508
	},
	"bunny.msh166.900000_167.000000.msh": {
		"min": 0.00483016815676171312,
		"avg": 0.09506921413184893366
	},
	"bunny.msh167.900000_168.000000.msh": {
		"min": 0.003729933348490424832,
		"avg": 0.09417772407242716581
	},
	"bunny.msh168.900000_169.000000.msh": {
		"min": 0.003857239255124755677,
		"avg": 0.09359834035648784134
	},
	"bunny.msh169.900000_170.000000.msh": {
		"min": 0.001490722011247195113,
		"avg": 0.0930982438976200033
	},
	"bunny.msh170.900000_171.000000.msh": {
		"min": 0.00259930018953959726,
		"avg": 0.09211512253598311273
	},
	"bunny.msh171.900000_172.000000.msh": {
		"min": 0.002040006046620844796,
		"avg": 0.0912071491358107389
	},
	"bunny.msh172.900000_173.000000.msh": {
		"min": 0.001756785209370197469,
		"avg": 0.09105483998539162793
	},
	"bunny.msh173.900000_174.000000.msh": {
		"min": 0.002117822617919322588,
		"avg": 0.09007330956876091754
	},
	"bunny.msh174.900000_175.000000.msh": {
		"min": 0.0008736946164091686628,
		"avg": 0.08915965507666251399
	},
	"bunny.msh175.900000_176.000000.msh": {
		"min": 0.001850809960654998393,
		"avg": 0.08887608346969955164
	},
	"bunny.msh176.900000_177.000000.msh": {
		"min": 0.001314890933561140918,
		"avg": 0.08780622729277762217
	},
	"bunny.msh177.900000_178.000000.msh": {
		"min": 0.000795224090482454511,
		"avg": 0.08722173524611041839
	},
	"bunny.msh178.900000_179.000000.msh": {
		"min": 0.0007617114349057284945,
		"avg": 0.08624718436995461313
	},
	"bunny.msh179.890000_179.900000.msh": {
		"min": 0.0001351686123871431017,
		"avg": 0.082306988120477792
	},
	"bunny.msh179.989000_179.990000.msh": {
		"min": 4.91807777059411841e-05,
		"avg": 0.07990412750338785064
	},
	"bunny.msh179.998900_179.999000.msh": {
		"min": 4.889355431414347619e-05,
		"avg": 0.07989706141124376659
	},
	"bunny.msh179.999890_179.999900.msh": {
		"min": 4.887650415030752416e-05,
		"avg": 0.07989649948869989582
	},
	"bunny.msh180.000000_180.000000.msh": {
		"min": 4.887369812309726587e-05,
		"avg": 0.07989602616435562132
	}
}