{
	"371103_polyfem.msh.msh": {
		"min": 0.03985337010243524686,
		"avg": 0.1471325422473638289
	},
	"371103_polyfem.msh160.900000_161.000000_0.100000.msh": {
		"min": 0.005363283233961108239,
		"avg": 0.1005260012556630639
	},
	"371103_polyfem.msh160.900000_161.000000_0.102500.msh": {
		"min": 0.005363283233961108239,
		"avg": 0.102423336599307982
	},
	"371103_polyfem.msh160.900000_161.000000_0.105000.msh": {
		"min": 0.005363283233961108239,
		"avg": 0.1048296849504333633
	},
	"371103_polyfem.msh160.900000_161.000000_0.107500.msh": {
		"min": 0.006434981870535895314,
		"avg": 0.1071693107317914229
	},
	"371103_polyfem.msh160.900000_161.000000_0.110000.msh": {
		"min": 0.00811645180883740873,
		"avg": 0.1094996785384284577
	},
	"371103_polyfem.msh160.900000_161.000000_0.112500.msh": {
		"min": 0.007434309830292726122,
		"avg": 0.1117288460029435271
	},
	"371103_polyfem.msh160.900000_161.000000_0.115000.msh": {
		"min": 0.007433848521306664348,
		"avg": 0.1140450737131427361
	},
	"371103_polyfem.msh160.900000_161.000000_0.117500.msh": {
		"min": 0.007755752846569744299,
		"avg": 0.116442895916721828
	},
	"371103_polyfem.msh160.900000_161.000000_0.120000.msh": {
		"min": 0.006493819874861895235,
		"avg": 0.1186999439055832078
	},
	"371103_polyfem.msh160.900000_161.000000_0.122500.msh": {
		"min": 0.006587590211541131772,
		"avg": 0.1211411451684313578
	},
	"371103_polyfem.msh160.900000_161.000000_0.125000.msh": {
		"min": 0.007120693812800170039,
		"avg": 0.1235364672947339981
	},
	"371103_polyfem.msh160.900000_161.000000_0.127500.msh": {
		"min": 0.006580283076338704594,
		"avg": 0.1257692050450790744
	},
	"371103_polyfem.msh160.900000_161.000000_0.130000.msh": {
		"min": 0.01342769186828322858,
		"avg": 0.1280594639948038072
	},
	"371103_polyfem.msh160.900000_161.000000_0.132500.msh": {
		"min": 0.01209505205405010837,
		"avg": 0.1304298093331959507
	},
	"371103_polyfem.msh160.900000_161.000000_0.135000.msh": {
		"min": 0.01448749047184343108,
		"avg": 0.1327694438142399125
	},
	"371103_polyfem.msh160.900000_161.000000_0.137500.msh": {
		"min": 0.01195804808673219671,
		"avg": 0.1350522194306782719
	},
	"371103_polyfem.msh160.900000_161.000000_0.140000.msh": {
		"min": 0.01553261503309389009,
		"avg": 0.1373114963684280154
	},
	"371103_polyfem.msh160.900000_161.000000_0.142500.msh": {
		"min": 0.01974740829049524346,
		"avg": 0.1396574658329989282
	},
	"371103_polyfem.msh160.900000_161.000000_0.145000.msh": {
		"min": 0.02399171415296482909,
		"avg": 0.1420028880923193959
	},
	"371103_polyfem.msh160.900000_161.000000_0.147500.msh": {
		"min": 0.02319242963728769535,
		"avg": 0.1439146579135136828
	},
	"371103_polyfem.msh160.900000_161.000000_0.150000.msh": {
		"min": 0.02319242963728769535,
		"avg": 0.1439146579135136828
	},
	"371103_polyfem.msh160.900000_161.000000.msh" : {
		"min": 0.00536328,
		"avg": 0.100526
	},
	"371103_polyfem.msh161.900000_162.000000.msh" : {
		"min": 0.00668314,
		"avg": 0.0998513
	},
	"371103_polyfem.msh162.900000_163.000000.msh" : {
		"min": 0.00449875,
		"avg": 0.0989228
	},
	"371103_polyfem.msh163.900000_164.000000.msh" : {
		"min": 0.00605888,
		"avg": 0.098244
	},
	"371103_polyfem.msh164.900000_165.000000.msh" : {
		"min": 0.00413658,
		"avg": 0.097373
	},
	"371103_polyfem.msh165.900000_166.000000.msh" : {
		"min": 0.00460165,
		"avg": 0.0964144
	},
	"371103_polyfem.msh166.900000_167.000000.msh" : {
		"min": 0.00508029,
		"avg": 0.0962425
	},
	"371103_polyfem.msh167.900000_168.000000.msh" : {
		"min": 0.00596716,
		"avg": 0.0951643
	},
	"371103_polyfem.msh168.900000_169.000000.msh" : {
		"min": 0.00162528,
		"avg": 0.0944822
	},
	"371103_polyfem.msh169.900000_170.000000.msh" : {
		"min": 0.0032503,
		"avg": 0.0940372
	},
	"371103_polyfem.msh170.900000_171.000000.msh" : {
		"min": 0.00290538,
		"avg": 0.0935091
	},
	"371103_polyfem.msh171.900000_172.000000.msh" : {
		"min": 0.000864374,
		"avg": 0.0924404
	},
	"371103_polyfem.msh172.900000_173.000000.msh" : {
		"min": 0.00277641,
		"avg": 0.0914873
	},
	"371103_polyfem.msh173.900000_174.000000.msh" : {
		"min": 0.00201325,
		"avg": 0.0902907
	},
	"371103_polyfem.msh174.900000_175.000000.msh" : {
		"min": 0.000949231,
		"avg": 0.0899325
	},
	"371103_polyfem.msh175.900000_176.000000.msh" : {
		"min": 0.00112399,
		"avg": 0.0893353
	},
	"371103_polyfem.msh176.900000_177.000000.msh" : {
		"min": 0.00126485,
		"avg": 0.0888037
	},
	"371103_polyfem.msh177.900000_178.000000.msh" : {
		"min": 0.0010372,
		"avg": 0.0878765
	},
	"371103_polyfem.msh178.900000_179.000000.msh" : {
		"min": 0.000581217,
		"avg": 0.0878461
	},
	"371103_polyfem.msh179.890000_179.900000.msh" : {
		"min": 5.95576e-05,
		"avg": 0.0874215
	},
	"371103_polyfem.msh179.989000_179.990000.msh" : {
		"min": 7.50453e-06,
		"avg": 0.0867678
	},
	"371103_polyfem.msh179.998900_179.999000.msh" : {
		"min": 1.04139e-06,
		"avg": 0.0810505
	},
	"371103_polyfem.msh179.999890_179.999900.msh" : {
		"min": 1.92275e-07,
		"avg": 0.0801645
	},
	"371103_polyfem.msh179.999999_180.000000.msh" : {
		"min": 4.81147e-08,
		"avg": 0.0797786
	}
}